x,y,z,sigma_xy,sigmaz,rot_x,rot_y,rot_z,rot_w
0.33092033366151485,-0.26992728242323194,0.395205232408583,0.03131561042816804,0.2372991668421173,0.5195192624425918,-0.005522693541790088,-0.030926654374612315,-0.853881009190591
0.06954839356273204,-0.295635494572448,0.39736761741350757,0.1358709259621281,0.1661690000508997,0.5195192624425918,-0.005522693541790088,-0.030926654374612315,-0.853881009190591
0.3352562974002524,-0.09963616959102817,0.36426778541173543,0.010563410270823104,0.12154691337026008,0.5195192624425918,-0.005522693541790088,-0.030926654374612315,-0.853881009190591
0.3118386107394778,-0.0611039548800662,0.34498483899084276,0.08704992960877046,0.2250111357895513,0.5195192624425918,-0.005522693541790088,-0.030926654374612315,-0.853881009190591
0.22518347855357218,-0.1810196238513287,0.37628332653207314,0.006400581517723719,0.07323400032835706,0.5195192624425918,-0.005522693541790088,-0.030926654374612315,-0.853881009190591
0.21742230956596315,-0.3645135621709755,0.34565942056992893,0.043977167572768844,0.07498671976782156,0.5195192624425918,-0.005522693541790088,-0.030926654374612315,-0.853881009190591
0.19482969947500706,-0.2741520553327913,0.3025976316158221,0.11368457117029876,0.307165815554872,0.5195192624425918,-0.005522693541790088,-0.030926654374612315,-0.853881009190591
0.3882780717094526,-0.37723441012075243,0.3883355211091584,0.14055743891979988,0.3337088768263604,0.5195192624425918,-0.005522693541790088,-0.030926654374612315,-0.853881009190591
0.2744280801869554,-0.061704384571929366,0.3841061700964526,0.08137390975033365,0.1605386259002644,0.5195192624425918,-0.005522693541790088,-0.030926654374612315,-0.853881009190591
0.21220503815999284,-0.13654715702726872,0.19530965452975724,0.11276842240210969,0.021196440942627473,0.5195192624425918,-0.005522693541790088,-0.030926654374612315,-0.853881009190591
0.38842653423169893,-0.1890989052826571,0.37784960850599564,0.09529181074099642,0.04677438273596244,0.5195192624425918,-0.005522693541790088,-0.030926654374612315,-0.853881009190591
0.3116744096198491,-0.2151224469127742,0.3842859572078343,0.11564309118771979,0.14897559272413857,0.5195192624425918,-0.005522693541790088,-0.030926654374612315,-0.853881009190591
0.18645238592799124,-0.2642270920291929,0.40745513057307764,0.04224150637639062,0.20035293919022404,0.5195192624425918,-0.005522693541790088,-0.030926654374612315,-0.853881009190591
0.31051509261038923,-0.2438789670453192,0.48216418886984536,0.06425416448608466,0.3104639795671627,0.5195192624425918,-0.005522693541790088,-0.030926654374612315,-0.853881009190591
0.2278530546572821,-0.34046505914803626,0.37569868057421196,0.01656811152308163,0.09967774599349105,0.5195192624425918,-0.005522693541790088,-0.030926654374612315,-0.853881009190591
0.3869827125992328,-0.21147363970707783,0.35129489048979967,0.029900554400051935,0.3973726949974894,0.5195192624425918,-0.005522693541790088,-0.030926654374612315,-0.853881009190591
0.32562332512053915,-0.1840915990116202,0.4123042142355384,0.08687840895856476,0.032021631749011896,0.5195192624425918,-0.005522693541790088,-0.030926654374612315,-0.853881009190591
0.22863253367313124,-0.21442444057223753,0.5063494808239377,0.015063397881374624,0.05603859125916082,0.5195192624425918,-0.005522693541790088,-0.030926654374612315,-0.853881009190591
0.24741732185407736,-0.21409835592460436,0.4124513884144199,0.05809425374169669,0.048887034341691754,0.5195192624425918,-0.005522693541790088,-0.030926654374612315,-0.853881009190591
0.13591586343804135,-0.25503341550261693,0.4669217970686744,0.010998108958691627,0.08712242672473827,0.5195192624425918,-0.005522693541790088,-0.030926654374612315,-0.853881009190591
0.22908905893569959,-0.09995707486412612,0.19651162752501414,0.011001156314409311,0.21566591257642884,0.5195192624425918,-0.005522693541790088,-0.030926654374612315,-0.853881009190591
0.20069152922525968,-0.20602697100013262,0.42765329269807384,0.11286046669579511,0.08387178103933719,0.5195192624425918,-0.005522693541790088,-0.030926654374612315,-0.853881009190591
0.3417481126726064,-0.25407331171769376,0.42131791672244706,0.011527739178800327,0.035293142296927725,0.5195192624425918,-0.005522693541790088,-0.030926654374612315,-0.853881009190591
0.22309187447707454,-0.19994541950858707,0.483052871090902,0.09915639229772208,0.22408267659140765,0.5195192624425918,-0.005522693541790088,-0.030926654374612315,-0.853881009190591
0.3600294307785601,-0.1656869844526912,0.266029937248367,0.14540132758982868,0.3587307467546674,0.5195192624425918,-0.005522693541790088,-0.030926654374612315,-0.853881009190591
0.2591726673152091,-0.25347015152794783,0.5107718356535066,0.14146507331739908,0.36588554070092094,0.5195192624425918,-0.005522693541790088,-0.030926654374612315,-0.853881009190591
0.30885297900776654,-0.1465402820357175,0.3581923626524686,0.09225456915207826,0.2467987849144244,0.5195192624425918,-0.005522693541790088,-0.030926654374612315,-0.853881009190591
0.30994084630518337,-0.23751593705737342,0.3526649170557632,0.02489402206214023,0.10756106578876908,0.5195192624425918,-0.005522693541790088,-0.030926654374612315,-0.853881009190591
0.3036192378089064,-0.07000483743074201,0.41089758229265944,0.003970852757963405,0.15794593331419962,0.5195192624425918,-0.005522693541790088,-0.030926654374612315,-0.853881009190591
0.3897386283615887,-0.06948279909212221,0.39076274159722374,0.08666326052134433,0.2298065156272171,0.5195192624425918,-0.005522693541790088,-0.030926654374612315,-0.853881009190591
0.3443462581082051,-0.20038770350802457,0.3719982967793077,0.10421304691851348,0.19818845758915835,0.5195192624425918,-0.005522693541790088,-0.030926654374612315,-0.853881009190591
0.24923193218848583,-0.29059156523620855,0.3533127648602477,0.13598680744848168,0.08286972573476642,0.5195192624425918,-0.005522693541790088,-0.030926654374612315,-0.853881009190591
0.22752525346075736,-0.20260693497915158,0.3756158971590485,0.016834026810628556,0.29917320128613006,0.5195192624425918,-0.005522693541790088,-0.030926654374612315,-0.853881009190591
0.22929856691278894,-0.18975053966649993,0.3773330454254413,0.04934901154961365,0.31393692362792347,0.5195192624425918,-0.005522693541790088,-0.030926654374612315,-0.853881009190591
0.2436723706484636,-0.19161623014116833,0.4441001118367693,0.12886907302295425,0.2368367198829295,0.5195192624425918,-0.005522693541790088,-0.030926654374612315,-0.853881009190591
0.3220377318843103,-0.1818748671929842,0.39762900157661296,0.04873451825507114,0.2763325081076497,0.5195192624425918,-0.005522693541790088,-0.030926654374612315,-0.853881009190591
0.31852207537361893,-0.3527785914949571,0.3146839489662565,0.05093350748868733,0.28534157243629776,0.5195192624425918,-0.005522693541790088,-0.030926654374612315,-0.853881009190591
0.26711206564675044,-0.30468990904636795,0.2210729640717133,0.05638058153470914,0.32563856005556957,0.5195192624425918,-0.005522693541790088,-0.030926654374612315,-0.853881009190591
0.24261364012312864,-0.21853004259568606,0.33596475844769863,0.09636119760941046,0.33707879278893715,0.5195192624425918,-0.005522693541790088,-0.030926654374612315,-0.853881009190591
0.2624653213460136,-0.2146986333240774,0.36473144520098255,0.0495691847158013,0.007964993536802956,0.5195192624425918,-0.005522693541790088,-0.030926654374612315,-0.853881009190591
0.23546641033398794,-0.10929166167363377,0.38902440974884966,0.08526274667249899,0.04412529578333016,0.5195192624425918,-0.005522693541790088,-0.030926654374612315,-0.853881009190591
0.3369545024791023,-0.19532362885445134,0.4051368928115832,0.00881721563313354,0.09258985824928607,0.5195192624425918,-0.005522693541790088,-0.030926654374612315,-0.853881009190591
0.31744938264887074,-0.3626088894779149,0.38740302551589195,0.09751230256545863,0.0903551098305806,0.5195192624425918,-0.005522693541790088,-0.030926654374612315,-0.853881009190591
0.16536494372994862,-0.2437690935654137,0.41938947813470234,0.023110360565019545,0.2277780184067295,0.5195192624425918,-0.005522693541790088,-0.030926654374612315,-0.853881009190591
0.29457911637561557,-0.20789922536110333,0.434812744715019,0.05714185805986583,0.09575271010416589,0.5195192624425918,-0.005522693541790088,-0.030926654374612315,-0.853881009190591
0.22577507642350006,-0.28942298707145586,0.2877158168543234,0.09426233119199573,0.13080474644058007,0.5195192624425918,-0.005522693541790088,-0.030926654374612315,-0.853881009190591
0.31515588506221137,-0.22850139696543992,0.3701536456120201,0.11739356145860419,0.10372493680337205,0.5195192624425918,-0.005522693541790088,-0.030926654374612315,-0.853881009190591
0.3268542883377062,-0.2448221815368747,0.4684908281986604,0.08330512483682274,0.36411711499225197,0.5195192624425918,-0.005522693541790088,-0.030926654374612315,-0.853881009190591
0.39527084626404746,-0.2413006901257851,0.2509347081467735,0.061476484013994526,0.3352623735140232,0.5195192624425918,-0.005522693541790088,-0.030926654374612315,-0.853881009190591
0.4247601588812676,-0.2777677114301025,0.4232571770497975,0.11307073162599393,0.03810838678837976,0.5195192624425918,-0.005522693541790088,-0.030926654374612315,-0.853881009190591
0.36100107160662964,-0.1614212639440659,0.31602994334007395,0.11817942285979482,0.1450663153718014,0.5195192624425918,-0.005522693541790088,-0.030926654374612315,-0.853881009190591
0.27735559458811726,-0.1724489773662834,0.33795183193376943,0.014202394319164235,0.10717652331741206,0.5195192624425918,-0.005522693541790088,-0.030926654374612315,-0.853881009190591
0.283815903721642,-0.26707178524126984,0.42615583722022843,0.10432788193224556,0.34600273875387283,0.5195192624425918,-0.005522693541790088,-0.030926654374612315,-0.853881009190591
0.370929430985772,-0.1524105632903543,0.4801408148325005,0.05402658187134785,0.216854727716877,0.5195192624425918,-0.005522693541790088,-0.030926654374612315,-0.853881009190591
0.3617256982282096,-0.14915484841130702,0.31462595280798766,0.12215753318365341,0.08448459473276158,0.5195192624425918,-0.005522693541790088,-0.030926654374612315,-0.853881009190591
0.1498125432182611,-0.1983949783843632,0.4426135018894005,0.09140135543655678,0.09869788642733353,0.5195192624425918,-0.005522693541790088,-0.030926654374612315,-0.853881009190591
0.43023753159422773,-0.1957211351097349,0.379133637314889,0.1256392427008167,0.006137580101176265,0.5195192624425918,-0.005522693541790088,-0.030926654374612315,-0.853881009190591
0.2700301794240959,-0.2941234497110249,0.3883955108824549,0.09853500849007775,0.3186832241695366,0.5195192624425918,-0.005522693541790088,-0.030926654374612315,-0.853881009190591
0.22896366258624426,-0.22650726925019837,0.5644164412385574,0.1055703691826463,0.23391450416085863,0.5195192624425918,-0.005522693541790088,-0.030926654374612315,-0.853881009190591
0.34236634236854474,-0.24260154319152732,0.47318691556367876,0.12790917022214163,0.18557770469057056,0.5195192624425918,-0.005522693541790088,-0.030926654374612315,-0.853881009190591
0.14311215223897858,-0.06314025077525576,0.27045449366477786,0.07407668872261641,0.3615440869025166,0.5195192624425918,-0.005522693541790088,-0.030926654374612315,-0.853881009190591
0.416733504770405,-0.16878042604349514,0.47742443424751313,0.02810787772927356,0.3931439686162149,0.5195192624425918,-0.005522693541790088,-0.030926654374612315,-0.853881009190591
0.21184848978832516,-0.11379404307230222,0.3495531342964779,0.0744961963728549,0.3749519498355383,0.5195192624425918,-0.005522693541790088,-0.030926654374612315,-0.853881009190591
0.3291025678450522,-0.17441046742040164,0.4117304626033631,0.04784111339924208,0.04099401139022847,0.5195192624425918,-0.005522693541790088,-0.030926654374612315,-0.853881009190591
0.36005231571550755,-0.30294794803914565,0.2953942056713592,0.11675467518295658,0.28665529726477174,0.5195192624425918,-0.005522693541790088,-0.030926654374612315,-0.853881009190591
0.324978245224123,-0.12134773478149084,0.37086385233812513,0.14770644799332858,0.3287243812213234,0.5195192624425918,-0.005522693541790088,-0.030926654374612315,-0.853881009190591
0.2731749590953818,-0.23034182254016408,0.3419146205451575,0.05638165034031373,0.27922333543559985,0.5195192624425918,-0.005522693541790088,-0.030926654374612315,-0.853881009190591
0.2539102405984377,-0.057433412202020584,0.4455559935504774,0.0982737350211272,0.041770352411223226,0.5195192624425918,-0.005522693541790088,-0.030926654374612315,-0.853881009190591
0.2677271481047269,-0.23007181578237057,0.3487722154990149,0.00523906525963781,0.3954690125268177,0.5195192624425918,-0.005522693541790088,-0.030926654374612315,-0.853881009190591
0.3072828656646946,-0.2025411143300672,0.4569532874969545,0.1133495827482354,0.18532769721945253,0.5195192624425918,-0.005522693541790088,-0.030926654374612315,-0.853881009190591
0.28222531575121496,-0.3268388335061383,0.40168145225476737,0.14948483459741482,0.2824966123688261,0.5195192624425918,-0.005522693541790088,-0.030926654374612315,-0.853881009190591
0.4133338476004999,-0.16734276243200863,0.48821298666271645,0.12327435418716529,0.11526252307029067,0.5195192624425918,-0.005522693541790088,-0.030926654374612315,-0.853881009190591
0.37166562144422943,-0.2231057048624256,0.372910864966001,0.05378094294889236,0.1888323763013447,0.5195192624425918,-0.005522693541790088,-0.030926654374612315,-0.853881009190591
0.19844661217713372,-0.22540416955151693,0.3900527467694302,0.06568580103829418,0.1450090095546453,0.5195192624425918,-0.005522693541790088,-0.030926654374612315,-0.853881009190591
0.44560707681966305,-0.18297184070638173,0.530666988321328,0.08277529326653045,0.11334323193783846,0.5195192624425918,-0.005522693541790088,-0.030926654374612315,-0.853881009190591
0.3357763549624814,-0.2312949426290946,0.12039637914452134,0.14129341723885322,0.0014478738816497306,0.5195192624425918,-0.005522693541790088,-0.030926654374612315,-0.853881009190591
0.17367757732419883,-0.17954051772689492,0.4216688827070745,0.13822141746744418,0.13119111653076074,0.5195192624425918,-0.005522693541790088,-0.030926654374612315,-0.853881009190591
0.3265993703931447,-0.22023592563766126,0.36739708085319134,0.04651027224524637,0.1930821888680348,0.5195192624425918,-0.005522693541790088,-0.030926654374612315,-0.853881009190591
0.2950719857380773,-0.23484251578138976,0.3247531113704089,0.0436048092628984,0.29787074638691585,0.5195192624425918,-0.005522693541790088,-0.030926654374612315,-0.853881009190591
0.23297729765694383,-0.24854055812124975,0.3737025029667759,0.14615328771303235,0.3218163979408361,0.5195192624425918,-0.005522693541790088,-0.030926654374612315,-0.853881009190591
0.2940728349069525,-0.308428255930791,0.3663957633431312,0.05553895995585843,0.33527839725412045,0.5195192624425918,-0.005522693541790088,-0.030926654374612315,-0.853881009190591
0.27084480320116316,-0.2451706662518028,0.4781791376307982,0.0044552145987306275,0.09857421504871455,0.5195192624425918,-0.005522693541790088,-0.030926654374612315,-0.853881009190591
0.30544367590591176,-0.15779533204358187,0.4416541337649121,0.12678947428623136,0.3012297775516675,0.5195192624425918,-0.005522693541790088,-0.030926654374612315,-0.853881009190591
0.3038897922625059,-0.06210957561924263,0.39408735354204993,0.09383622820395758,0.17901768738655532,0.5195192624425918,-0.005522693541790088,-0.030926654374612315,-0.853881009190591
0.26324177452121356,-0.26388544521499546,0.48646212525535126,0.015765908276921817,0.05947303134918807,0.5195192624425918,-0.005522693541790088,-0.030926654374612315,-0.853881009190591
0.2169199136046102,-0.1332801034135015,0.5334796679151367,0.03822860506706078,0.28169690466417485,0.5195192624425918,-0.005522693541790088,-0.030926654374612315,-0.853881009190591
0.22878318265005237,-0.17134075456595696,0.34814734469321934,0.0018794694842784398,0.16222920458276083,0.5195192624425918,-0.005522693541790088,-0.030926654374612315,-0.853881009190591
0.23274058201531195,-0.2276198347124962,0.47863260839683053,0.04488822310386843,0.16219484988118751,0.5195192624425918,-0.005522693541790088,-0.030926654374612315,-0.853881009190591
0.3014564847653692,-0.30995924140669795,0.4555871870817407,0.08712922903550127,0.24307205007944865,0.5195192624425918,-0.005522693541790088,-0.030926654374612315,-0.853881009190591
0.4468323978772073,-0.3265360030457305,0.3806591496118038,0.025588927585177917,0.10484105247947824,0.5195192624425918,-0.005522693541790088,-0.030926654374612315,-0.853881009190591
0.35244845958933907,-0.21903691046148188,0.4526562665078424,0.10885152164886581,0.045288504862301654,0.5195192624425918,-0.005522693541790088,-0.030926654374612315,-0.853881009190591
0.1594076836354092,-0.18978665370109735,0.38434548837006904,0.03491571555919785,0.3957089643361793,0.5195192624425918,-0.005522693541790088,-0.030926654374612315,-0.853881009190591
0.19446987935930743,-0.34642431483918,0.5286198278355009,0.08648652889867714,0.03786037338187081,0.5195192624425918,-0.005522693541790088,-0.030926654374612315,-0.853881009190591
0.3683449248074976,-0.20905051152063442,0.3647496204676877,0.0342408664982397,0.21831262694696263,0.5195192624425918,-0.005522693541790088,-0.030926654374612315,-0.853881009190591
0.3305730805425977,0.4592834688139871,-0.378366359436549,0.1294672710981108,0.39269542648417033,0.5195192624425918,-0.005522693541790088,-0.030926654374612315,-0.853881009190591
0.46271953136132554,0.38830180780845225,-0.44243965605865854,0.1042950054295329,0.17999248522648306,0.5195192624425918,-0.005522693541790088,-0.030926654374612315,-0.853881009190591
0.366666336534332,0.4479448017778799,-0.4317294711217556,0.12548935416458804,0.3360022231479329,0.5195192624425918,-0.005522693541790088,-0.030926654374612315,-0.853881009190591
0.40140950449497365,0.45202543734250034,-0.5056673760171417,0.06521829375654707,0.051560564707418925,0.5195192624425918,-0.005522693541790088,-0.030926654374612315,-0.853881009190591
0.28570944818403116,0.37996984380339904,-0.47569393446641817,0.1429389646057241,0.3230189001337166,0.5195192624425918,-0.005522693541790088,-0.030926654374612315,-0.853881009190591
0.33982816527806736,0.3495631862957224,-0.3188891882538444,0.09469433810946214,0.1991004868698033,0.5195192624425918,-0.005522693541790088,-0.030926654374612315,-0.853881009190591
0.30990631262270746,0.44058368314043683,-0.38330202684101167,0.09225996423664116,0.11884200970374975,0.5195192624425918,-0.005522693541790088,-0.030926654374612315,-0.853881009190591
0.4306376919564793,0.3494589886614391,-0.41980461990306334,0.05061883349255558,0.21197586124434067,0.5195192624425918,-0.005522693541790088,-0.030926654374612315,-0.853881009190591
0.35007882349307556,0.37083188326858874,-0.4150531122809231,0.04085692471713245,0.2931594818176107,0.5195192624425918,-0.005522693541790088,-0.030926654374612315,-0.853881009190591
0.30207106629178354,0.40245426087956665,-0.40488823100525456,0.10665091117483053,0.35115139400362355,0.5195192624425918,-0.005522693541790088,-0.030926654374612315,-0.853881009190591
0.23103887191225175,0.4543381548751441,-0.3948378172646694,0.12807597896319378,0.010430649294695461,0.5195192624425918,-0.005522693541790088,-0.030926654374612315,-0.853881009190591
0.2770142586395285,0.3828497013800955,-0.35945557307162745,0.06654039122404339,0.002750605005546314,0.5195192624425918,-0.005522693541790088,-0.030926654374612315,-0.853881009190591
0.3067435937170737,0.3941616722237791,-0.3193170188041345,0.06256593962633414,0.3050436805603276,0.5195192624425918,-0.005522693541790088,-0.030926654374612315,-0.853881009190591
0.31826319119732305,0.35938047207865165,-0.36994290934079366,0.10541097245172569,0.1925457199297012,0.5195192624425918,-0.005522693541790088,-0.030926654374612315,-0.853881009190591
0.35511808318304217,0.43375743029781494,-0.35983049620202345,0.08508789791709227,0.22240701032925864,0.5195192624425918,-0.005522693541790088,-0.030926654374612315,-0.853881009190591
0.38489058722353087,0.37991794702168025,-0.4045974982683163,0.07992125740364657,0.27789720691728526,0.5195192624425918,-0.005522693541790088,-0.030926654374612315,-0.853881009190591
0.27599141491068513,0.3303435538049402,-0.3850959585394071,0.07336315622326513,0.0736640901206032,0.5195192624425918,-0.005522693541790088,-0.030926654374612315,-0.853881009190591
0.3441432914720992,0.39724889835152116,-0.4311069992245889,0.08395159423592895,0.004777779911855085,0.5195192624425918,-0.005522693541790088,-0.030926654374612315,-0.853881009190591
0.26695090114377407,0.39000594918208636,-0.2921296716838736,0.13538783247951394,0.33702291030261133,0.5195192624425918,-0.005522693541790088,-0.030926654374612315,-0.853881009190591
0.2980651739422623,0.44824998819364575,-0.3936302582799976,0.05680362256685351,0.0021980215562140692,0.5195192624425918,-0.005522693541790088,-0.030926654374612315,-0.853881009190591
0.30033911317701134,0.3622962136844694,-0.4702141012885174,0.07588432525424467,0.3555621669828286,0.5195192624425918,-0.005522693541790088,-0.030926654374612315,-0.853881009190591
0.2090555240109943,0.44123187990064905,-0.3759176369500883,0.04646417645854801,0.046952343295399504,0.5195192624425918,-0.005522693541790088,-0.030926654374612315,-0.853881009190591
0.3224925391418962,0.38549484881807167,-0.4261391362945763,0.1410232418709551,0.2972971880977653,0.5195192624425918,-0.005522693541790088,-0.030926654374612315,-0.853881009190591
0.46374854319193404,0.32069441197806725,-0.40870677904128444,0.0677302050451881,0.3117712216337295,0.5195192624425918,-0.005522693541790088,-0.030926654374612315,-0.853881009190591
0.28952132533674546,0.45668384240436777,-0.4096854617547978,0.013980356851259966,0.05348764619419977,0.5195192624425918,-0.005522693541790088,-0.030926654374612315,-0.853881009190591
0.27445692679662553,0.3333499194995706,-0.3415782100031623,0.1491783571608313,0.34335384355747894,0.5195192624425918,-0.005522693541790088,-0.030926654374612315,-0.853881009190591
0.2770036863642163,0.49696470981689145,-0.434931866797168,0.06558117310971655,0.21880938116382387,0.5195192624425918,-0.005522693541790088,-0.030926654374612315,-0.853881009190591
0.24036239017702943,0.4722770312161854,-0.44194608655938905,0.06710436695096243,0.18087231639178897,0.5195192624425918,-0.005522693541790088,-0.030926654374612315,-0.853881009190591
0.2697619324888131,0.4525956618564536,-0.48954305160009765,0.05090698767487523,0.30239460215365627,0.5195192624425918,-0.005522693541790088,-0.030926654374612315,-0.853881009190591
0.31901268830797014,0.3834796015555682,-0.318278234564728,0.03226484306397868,0.206986953808437,0.5195192624425918,-0.005522693541790088,-0.030926654374612315,-0.853881009190591
0.28854889598425115,0.358464634801512,-0.36492457175883236,0.1319099219324048,0.045728656379849936,0.5195192624425918,-0.005522693541790088,-0.030926654374612315,-0.853881009190591
0.25469759497171324,0.43074377347579046,-0.3862980358331265,0.10579876824372031,0.26090980022380955,0.5195192624425918,-0.005522693541790088,-0.030926654374612315,-0.853881009190591
0.256336313569219,0.3962992121596907,-0.3487543517062764,0.08072723349080466,0.11743975492228027,0.5195192624425918,-0.005522693541790088,-0.030926654374612315,-0.853881009190591
0.25975513788176063,0.4423664244627945,-0.3944716210194903,0.05471306702816867,0.1683163097891622,0.5195192624425918,-0.005522693541790088,-0.030926654374612315,-0.853881009190591
0.3609179209220977,0.40441481594295325,-0.40493221067431295,0.10871413601851894,0.003636781861390315,0.5195192624425918,-0.005522693541790088,-0.030926654374612315,-0.853881009190591
0.3564294378054631,0.45182772211449623,-0.43189977901963245,0.12930843512443116,0.039907267876934466,0.5195192624425918,-0.005522693541790088,-0.030926654374612315,-0.853881009190591
0.3619388451135569,0.4590340007363961,-0.3339795177077721,0.1179573104689563,0.21018159547076656,0.5195192624425918,-0.005522693541790088,-0.030926654374612315,-0.853881009190591
0.28558020157322234,0.3470869339759226,-0.3839954168967857,0.061277135897492965,0.04013724346380881,0.5195192624425918,-0.005522693541790088,-0.030926654374612315,-0.853881009190591
0.2645780218954012,0.3594189929426766,-0.4356958641796705,0.03850682230444636,0.3953280219252364,0.5195192624425918,-0.005522693541790088,-0.030926654374612315,-0.853881009190591
0.29359621542020814,0.31731201589307356,-0.4259523542697412,0.10773175963839395,0.17457067374120233,0.5195192624425918,-0.005522693541790088,-0.030926654374612315,-0.853881009190591
0.3190553937094837,0.4848867821520815,-0.333173192039936,0.02614724772281123,0.3036729350939949,0.5195192624425918,-0.005522693541790088,-0.030926654374612315,-0.853881009190591
0.32126393512392626,0.41547392568814123,-0.3696727917310401,0.04954883492414864,0.3521865525414625,0.5195192624425918,-0.005522693541790088,-0.030926654374612315,-0.853881009190591
0.2972466128975924,0.35767137311438973,-0.35251659310168904,0.060841930019424555,0.3000892552862564,0.5195192624425918,-0.005522693541790088,-0.030926654374612315,-0.853881009190591
0.2663288346227694,0.4127763046907275,-0.43125554061090554,0.0015485465522465768,0.19016369213428425,0.5195192624425918,-0.005522693541790088,-0.030926654374612315,-0.853881009190591
0.38149039721946193,0.4016663686790684,-0.3802874695434718,0.1486010053802123,0.31090401478245827,0.5195192624425918,-0.005522693541790088,-0.030926654374612315,-0.853881009190591
0.3599380701067101,0.3089049921211693,-0.3809242345545772,0.024566380371994483,0.06640260759782271,0.5195192624425918,-0.005522693541790088,-0.030926654374612315,-0.853881009190591
0.2654722776283324,0.42642123952748107,-0.3870127866010588,0.10742180888393173,0.04456356806358497,0.5195192624425918,-0.005522693541790088,-0.030926654374612315,-0.853881009190591
0.3448563072739431,0.39084609630893635,-0.3201934295207762,0.103266710214063,0.11519998047694964,0.5195192624425918,-0.005522693541790088,-0.030926654374612315,-0.853881009190591
0.21087051095003378,0.4855227784887431,-0.34502268045049805,0.1381115285829044,0.07295427306769207,0.5195192624425918,-0.005522693541790088,-0.030926654374612315,-0.853881009190591
0.4448858434529013,0.3314187565187774,-0.35795863598060895,0.10342447762801843,0.11628242547527048,0.5195192624425918,-0.005522693541790088,-0.030926654374612315,-0.853881009190591
0.29791447454073894,0.5087164942726823,-0.34731102203348385,0.101625068253369,0.001034246230772329,0.5195192624425918,-0.005522693541790088,-0.030926654374612315,-0.853881009190591
0.3311577342553268,0.3653160073957495,-0.3643974072064764,0.11740745351204154,0.2553039291018219,0.5195192624425918,-0.005522693541790088,-0.030926654374612315,-0.853881009190591
0.32133039167521377,0.4116935390678629,-0.3659559237956816,0.014848911121001361,0.14131470892279996,0.5195192624425918,-0.005522693541790088,-0.030926654374612315,-0.853881009190591
0.3195339542724632,0.5135031051554857,-0.393550965702184,0.08905955605546521,0.388463344088379,0.5195192624425918,-0.005522693541790088,-0.030926654374612315,-0.853881009190591
0.3262293408425269,0.4313415101256206,-0.36604785872511514,0.044148797242934835,0.20809039146865493,0.5195192624425918,-0.005522693541790088,-0.030926654374612315,-0.853881009190591
0.3098913916158711,0.38859055757865457,-0.40689270285244655,0.0259133129291779,0.10028051486320436,0.5195192624425918,-0.005522693541790088,-0.030926654374612315,-0.853881009190591
0.3614770602054765,0.4846344257680998,-0.4402151139803402,0.05728688666950917,0.033353651612871536,0.5195192624425918,-0.005522693541790088,-0.030926654374612315,-0.853881009190591
0.3202051309187999,0.41241635594063475,-0.42566334214610685,0.13101061565301378,0.3969238917785753,0.5195192624425918,-0.005522693541790088,-0.030926654374612315,-0.853881009190591
0.283788686314374,0.4623012816204064,-0.41177719672051016,0.046630239987319196,0.06576594265006656,0.5195192624425918,-0.005522693541790088,-0.030926654374612315,-0.853881009190591
0.35401474247936743,0.4333121079380209,-0.4150048520758092,0.06993633027029122,0.022620363875574336,0.5195192624425918,-0.005522693541790088,-0.030926654374612315,-0.853881009190591
0.21593046352809625,0.3799093418621472,-0.43878297498613755,0.0603186196503739,0.37380563868523986,0.5195192624425918,-0.005522693541790088,-0.030926654374612315,-0.853881009190591
0.34974762862742326,0.40978144752476625,-0.3311179980834827,0.012190482813133697,0.35954823282876897,0.5195192624425918,-0.005522693541790088,-0.030926654374612315,-0.853881009190591
0.3144494523199002,0.44179331390132015,-0.411965555688687,0.06892466424188451,0.13666249428406915,0.5195192624425918,-0.005522693541790088,-0.030926654374612315,-0.853881009190591
0.22066283589894364,0.3650344549940172,-0.29710870686709884,0.061562489648633534,0.3841202151468292,0.5195192624425918,-0.005522693541790088,-0.030926654374612315,-0.853881009190591
0.26682244663747656,0.3281396639662215,-0.3536766366502088,0.01764493022161087,0.03169132673290598,0.5195192624425918,-0.005522693541790088,-0.030926654374612315,-0.853881009190591
0.3591303147988067,0.345523149955362,-0.4110226884638571,0.0007669916166786417,0.19972325533611965,0.5195192624425918,-0.005522693541790088,-0.030926654374612315,-0.853881009190591
0.2813536772203249,0.4882429778510623,-0.3614353209142926,0.07416740472570867,0.13367078320894962,0.5195192624425918,-0.005522693541790088,-0.030926654374612315,-0.853881009190591
0.2026662389875043,0.39716395597618537,-0.3680433237842552,0.09922701370207272,0.1227382216340006,0.5195192624425918,-0.005522693541790088,-0.030926654374612315,-0.853881009190591
0.42288096527357133,0.4105539000772721,-0.33866409636621125,0.11375235649422571,0.37063912159254814,0.5195192624425918,-0.005522693541790088,-0.030926654374612315,-0.853881009190591
0.32019351157633097,0.38241307978833433,-0.2929738463260133,0.11373712235211468,0.14356517730048912,0.5195192624425918,-0.005522693541790088,-0.030926654374612315,-0.853881009190591
0.2730998915477405,0.32782608453869455,-0.3837031346418156,0.02817652527031726,0.22313268210652937,0.5195192624425918,-0.005522693541790088,-0.030926654374612315,-0.853881009190591
0.32261988645807466,0.4247696236580576,-0.3772597748006741,0.08784660345967449,0.31025499632227804,0.5195192624425918,-0.005522693541790088,-0.030926654374612315,-0.853881009190591
0.2820841617999446,0.3996798417698072,-0.3685024624264432,0.11709047075425245,0.3244542054292756,0.5195192624425918,-0.005522693541790088,-0.030926654374612315,-0.853881009190591
0.2742365316669914,0.3219335601755031,-0.3957262732512148,0.12077003870524021,0.3107872564653397,0.5195192624425918,-0.005522693541790088,-0.030926654374612315,-0.853881009190591
0.3410507255955684,0.39855656347260593,-0.39368176389943405,0.03636171411174024,0.23682100229610367,0.5195192624425918,-0.005522693541790088,-0.030926654374612315,-0.853881009190591
0.32318585100007974,0.3676826359501954,-0.3664239488527379,0.1245501155577029,0.11368815645896957,0.5195192624425918,-0.005522693541790088,-0.030926654374612315,-0.853881009190591
0.27110811141975055,0.2639473340395465,-0.46688488320568555,0.07443031173165224,0.2826715293065189,0.5195192624425918,-0.005522693541790088,-0.030926654374612315,-0.853881009190591
0.36345825454229846,0.3965355526948448,-0.42045338116357334,0.01902130945026459,0.33447005731940693,0.5195192624425918,-0.005522693541790088,-0.030926654374612315,-0.853881009190591
0.2536830335911928,0.30824408174102674,-0.4004771265471547,0.14845827446135296,0.23063288143551963,0.5195192624425918,-0.005522693541790088,-0.030926654374612315,-0.853881009190591
0.30481649976005254,0.4105205812919513,-0.36461138809328275,0.0003545536722263376,0.2081314319105513,0.5195192624425918,-0.005522693541790088,-0.030926654374612315,-0.853881009190591
0.2519219311485163,0.38263710341538115,-0.385814451194932,0.14594224899593847,0.10046116769914747,0.5195192624425918,-0.005522693541790088,-0.030926654374612315,-0.853881009190591
0.26828814949493923,0.381478754982765,-0.3845697174200215,0.14754601422647834,0.22580396900203625,0.5195192624425918,-0.005522693541790088,-0.030926654374612315,-0.853881009190591
0.30291955690843947,0.4279152749351543,-0.4079346715767801,0.0680985729227126,0.18433996596150182,0.5195192624425918,-0.005522693541790088,-0.030926654374612315,-0.853881009190591
0.26605548973911947,0.3607510848555947,-0.3075129169620119,0.12200586998840661,0.019847113828125585,0.5195192624425918,-0.005522693541790088,-0.030926654374612315,-0.853881009190591
0.3159419892616165,0.46501222034142337,-0.3527691892761418,0.06372388403242525,0.2828651237721654,0.5195192624425918,-0.005522693541790088,-0.030926654374612315,-0.853881009190591
0.4072732632609051,0.3711611222641762,-0.46679657972832317,0.10594970961766932,0.3118725034317042,0.5195192624425918,-0.005522693541790088,-0.030926654374612315,-0.853881009190591
0.3319302960236483,0.413589048624097,-0.3971387198711807,0.07420473028017972,0.19396362190043492,0.5195192624425918,-0.005522693541790088,-0.030926654374612315,-0.853881009190591
0.32282366086046005,0.4907084213206963,-0.3315966070140126,0.014472327456486361,0.2374475055058638,0.5195192624425918,-0.005522693541790088,-0.030926654374612315,-0.853881009190591
0.33141249423096386,0.44045955264983044,-0.3294976447624036,0.029315669229098354,0.12214158130503204,0.5195192624425918,-0.005522693541790088,-0.030926654374612315,-0.853881009190591
0.4100051624153437,0.38667562896914726,-0.3777221946632633,0.0481869340780958,0.17439952613447396,0.5195192624425918,-0.005522693541790088,-0.030926654374612315,-0.853881009190591
0.31005249788835365,0.33359887961537815,-0.3820889095367254,0.09668369781589382,0.07794295174696059,0.5195192624425918,-0.005522693541790088,-0.030926654374612315,-0.853881009190591
0.3005546169206486,0.3758677420022791,-0.34747175089861837,0.037293881022911986,0.3721668587695193,0.5195192624425918,-0.005522693541790088,-0.030926654374612315,-0.853881009190591
0.3608928558374943,0.4056532875320817,-0.3760038687025412,0.11987098425934178,0.22123733927134037,0.5195192624425918,-0.005522693541790088,-0.030926654374612315,-0.853881009190591
0.33795569044736384,0.3707256193066874,-0.3211488746340883,0.10742684855139456,0.15688918231441493,0.5195192624425918,-0.005522693541790088,-0.030926654374612315,-0.853881009190591
0.39094502537253956,0.44546829446368813,-0.36135636876767896,0.1047818383397104,0.063416623107753,0.5195192624425918,-0.005522693541790088,-0.030926654374612315,-0.853881009190591
0.3327325207723654,0.4301657000605379,-0.3498393735854216,0.07169194978970914,0.026730785039752104,0.5195192624425918,-0.005522693541790088,-0.030926654374612315,-0.853881009190591
0.337608854995362,0.3078328926240228,-0.33632113372859856,0.02975803528811803,0.13959944138104619,0.5195192624425918,-0.005522693541790088,-0.030926654374612315,-0.853881009190591
0.24788232600112103,0.3621170683128561,-0.42565266932558726,0.12359537982576989,0.09671211470346437,0.5195192624425918,-0.005522693541790088,-0.030926654374612315,-0.853881009190591
0.21747979047369553,0.3542881857050554,-0.44586496626027067,0.08322058187819341,0.30970618001262024,0.5195192624425918,-0.005522693541790088,-0.030926654374612315,-0.853881009190591
0.27253427875028224,0.4345269634270401,-0.39996868528172846,0.13686139123741034,0.39907520313182365,0.5195192624425918,-0.005522693541790088,-0.030926654374612315,-0.853881009190591
0.27009424019047257,0.3696263426827135,-0.4462621589335296,0.06846014083916047,0.38513668546103685,0.5195192624425918,-0.005522693541790088,-0.030926654374612315,-0.853881009190591
0.26654032605956374,0.4576776976511042,-0.3844427809695933,0.0970571689289058,0.26843484381623056,0.5195192624425918,-0.005522693541790088,-0.030926654374612315,-0.853881009190591
0.30462690989705604,0.3979112546292422,-0.3751746200342693,0.1380094077849559,0.13629623120000664,0.5195192624425918,-0.005522693541790088,-0.030926654374612315,-0.853881009190591
0.33306591670667246,0.31709854296103485,-0.38529901294619684,0.11687167537655149,0.3946322323996488,0.5195192624425918,-0.005522693541790088,-0.030926654374612315,-0.853881009190591
0.3047339413201605,0.3836575825686782,-0.4108681062240008,0.031810596779334545,0.22039221228143813,0.5195192624425918,-0.005522693541790088,-0.030926654374612315,-0.853881009190591
0.2429985218435688,0.3657458274952681,-0.33832351190382065,0.14678959685441134,0.12117589965140363,0.5195192624425918,-0.005522693541790088,-0.030926654374612315,-0.853881009190591
0.34017729574639066,0.32247730059351637,-0.3657559542150235,0.04999604056847514,0.2523367791192995,0.5195192624425918,-0.005522693541790088,-0.030926654374612315,-0.853881009190591
0.30062829140554215,0.3961363116952572,-0.3749618219822714,0.06749856712535433,0.16130684145483812,0.5195192624425918,-0.005522693541790088,-0.030926654374612315,-0.853881009190591
0.3256291300346834,0.4361451612728907,-0.36473909567512863,0.0752514256218635,0.014766213930943418,0.5195192624425918,-0.005522693541790088,-0.030926654374612315,-0.853881009190591
0.2551468787416111,0.40124359233238144,-0.4541336326486515,0.039547672172499514,0.39760541919393994,0.5195192624425918,-0.005522693541790088,-0.030926654374612315,-0.853881009190591
0.3113790701830538,0.37132431268009514,-0.44409132881043856,0.1288722848998844,0.1421311918391846,0.5195192624425918,-0.005522693541790088,-0.030926654374612315,-0.853881009190591
0.39214360046962393,0.4132426264515557,-0.3216729268666895,0.07768056568949283,0.04570593791884314,0.5195192624425918,-0.005522693541790088,-0.030926654374612315,-0.853881009190591
0.34468177855881377,0.39855532561927626,-0.3705397001687757,0.023404070228775543,0.18737758523237305,0.5195192624425918,-0.005522693541790088,-0.030926654374612315,-0.853881009190591
0.3691315916483186,0.3677002651921685,-0.31558532812097606,0.10335415671385771,0.321998123042216,0.5195192624425918,-0.005522693541790088,-0.030926654374612315,-0.853881009190591
0.4392989422110795,0.42570346691357475,-0.30277755726648903,0.04460054496793196,0.06397544632181883,0.5195192624425918,-0.005522693541790088,-0.030926654374612315,-0.853881009190591
0.26963197967750413,0.4760078910288916,-0.4445512941221278,0.06772569062498231,0.33992272674733237,0.5195192624425918,-0.005522693541790088,-0.030926654374612315,-0.853881009190591
0.3201917003903719,0.3940734539637878,-0.36742393681243,0.014981702896652021,0.1588956053906496,0.5195192624425918,-0.005522693541790088,-0.030926654374612315,-0.853881009190591
0.30837662251962755,0.3462268825312288,-0.29705053822312644,0.026986224371340805,0.2071266108146652,0.5195192624425918,-0.005522693541790088,-0.030926654374612315,-0.853881009190591
0.28532513998948505,0.4312192028975923,-0.42177643849174523,0.052745921583619404,0.27498579534898127,0.5195192624425918,-0.005522693541790088,-0.030926654374612315,-0.853881009190591
0.37347072966063805,0.4607753949221473,-0.4614421480660815,0.12842578077702788,0.11923795262275615,0.5195192624425918,-0.005522693541790088,-0.030926654374612315,-0.853881009190591
0.22073962815376008,0.31991823308407774,-0.40867293769073443,0.029048506324974396,0.2879357757488473,0.5195192624425918,-0.005522693541790088,-0.030926654374612315,-0.853881009190591
0.27329805506323784,0.340982124483504,-0.37222556344848196,0.03617772992921709,0.3646886565710702,0.5195192624425918,-0.005522693541790088,-0.030926654374612315,-0.853881009190591
0.3770634249055165,0.384574110469123,-0.3051778209710046,0.024263933382246805,0.0030240195089255907,0.5195192624425918,-0.005522693541790088,-0.030926654374612315,-0.853881009190591
0.26511900652313025,0.44971257782743623,-0.4914683788796615,0.03820972831310614,0.2950551575240581,0.5195192624425918,-0.005522693541790088,-0.030926654374612315,-0.853881009190591
0.40027930007905355,0.3819291544109288,-0.4487711543139973,0.11766630129667582,0.23913153780122617,0.5195192624425918,-0.005522693541790088,-0.030926654374612315,-0.853881009190591
0.3015881564399602,0.3877926677074067,-0.4803228974775802,0.05896726019167969,0.27786823712458364,0.5195192624425918,-0.005522693541790088,-0.030926654374612315,-0.853881009190591
0.29151861307166865,0.40095386318775916,-0.45755460824126803,0.10454771896003694,0.2360907260978572,0.5195192624425918,-0.005522693541790088,-0.030926654374612315,-0.853881009190591
0.3240177963076121,0.41016661097218493,-0.4532116183760747,0.026927508105797197,0.2712846169902976,0.5195192624425918,-0.005522693541790088,-0.030926654374612315,-0.853881009190591
0.34018266938801645,0.41437004389125975,-0.38929060745423333,0.0444807033975339,0.1437613737132086,0.5195192624425918,-0.005522693541790088,-0.030926654374612315,-0.853881009190591
-0.4866626052782234,0.26357937966576966,0.2897213416336549,0.10633781944856574,0.2936327294572322,0.5195192624425918,-0.005522693541790088,-0.030926654374612315,-0.853881009190591
-0.5271591801807374,0.28608099141839094,0.19145595774010735,0.08129522299343318,0.3391254869204854,0.5195192624425918,-0.005522693541790088,-0.030926654374612315,-0.853881009190591
-0.5255298809958854,0.2923460019688073,0.1819500231693233,0.14875713620925787,0.04557068283180126,0.5195192624425918,-0.005522693541790088,-0.030926654374612315,-0.853881009190591
-0.4721631323551818,0.3210014541054976,0.2669076225577365,0.025996006502819656,0.285101055525774,0.5195192624425918,-0.005522693541790088,-0.030926654374612315,-0.853881009190591
-0.41466779082312055,0.3487770453184036,0.13815842290685307,0.027944330704302054,0.38559275519787956,0.5195192624425918,-0.005522693541790088,-0.030926654374612315,-0.853881009190591
-0.5779660030549233,0.3395905207043242,0.1330367373743669,0.047655841115327585,0.1765333204967186,0.5195192624425918,-0.005522693541790088,-0.030926654374612315,-0.853881009190591
-0.5101167738921134,0.28135574118018164,0.2279953976343541,0.14261292664400305,0.018180070006221218,0.5195192624425918,-0.005522693541790088,-0.030926654374612315,-0.853881009190591
-0.505125896612649,0.3291164497791779,0.181335691332286,0.0059522595876335795,0.18744715503917955,0.5195192624425918,-0.005522693541790088,-0.030926654374612315,-0.853881009190591
-0.4473222416797974,0.3031807781439593,0.11487164027765596,0.02835179697752214,0.29473738773851405,0.5195192624425918,-0.005522693541790088,-0.030926654374612315,-0.853881009190591
-0.4212467082711224,0.27687505617841296,0.17753279469464656,0.028480504596023224,0.0010595245151729937,0.5195192624425918,-0.005522693541790088,-0.030926654374612315,-0.853881009190591
-0.4918771983127455,0.3765888443827539,0.20678868426761637,0.012281448538548555,0.21272498680900387,0.5195192624425918,-0.005522693541790088,-0.030926654374612315,-0.853881009190591
-0.4816389174979494,0.33695249014602047,0.11461831798413537,0.02285766747062255,0.3134540105450445,0.5195192624425918,-0.005522693541790088,-0.030926654374612315,-0.853881009190591
-0.518031974456054,0.28437259335403475,0.28286834417119744,0.1367490505097337,0.04183666135236286,0.5195192624425918,-0.005522693541790088,-0.030926654374612315,-0.853881009190591
-0.5398759098269652,0.3411673381760373,0.26975911053043977,0.031860211215151604,0.3434960250932917,0.5195192624425918,-0.005522693541790088,-0.030926654374612315,-0.853881009190591
-0.5292757336876717,0.30206034711408813,0.2566113709840908,0.08890302780797207,0.235055553382585,0.5195192624425918,-0.005522693541790088,-0.030926654374612315,-0.853881009190591
-0.5560307762459294,0.3072459096475658,0.16100324309793,0.0018651064362064595,0.29881346007867754,0.5195192624425918,-0.005522693541790088,-0.030926654374612315,-0.853881009190591
-0.5786026833747472,0.34745445406294606,0.20439439829055453,1.5954392377226512e-05,0.10147341903240742,0.5195192624425918,-0.005522693541790088,-0.030926654374612315,-0.853881009190591
-0.4432470968638126,0.36758179974022387,0.2991023144891123,0.002572747184032559,0.08942735349971237,0.5195192624425918,-0.005522693541790088,-0.030926654374612315,-0.853881009190591
-0.5131034352416479,0.32437776779857114,0.18147560048263495,0.08644405790113503,0.3548465126990221,0.5195192624425918,-0.005522693541790088,-0.030926654374612315,-0.853881009190591
-0.40868428122179523,0.29609195250234693,0.14334455911390634,0.04910984798221774,0.13368850439590085,0.5195192624425918,-0.005522693541790088,-0.030926654374612315,-0.853881009190591
-0.4691284215893457,0.32332769063531996,0.09588719996018868,0.07680562220669473,0.0752928046684906,0.5195192624425918,-0.005522693541790088,-0.030926654374612315,-0.853881009190591
-0.490598658384503,0.33425713267406826,0.15919629154846057,0.10843018614451526,0.02159269183933841,0.5195192624425918,-0.005522693541790088,-0.030926654374612315,-0.853881009190591
-0.41025074265717776,0.36449227478738855,0.29860672951093675,0.06579587819117542,0.08759208100594909,0.5195192624425918,-0.005522693541790088,-0.030926654374612315,-0.853881009190591
-0.354341952923352,0.26352089855813865,0.19661374650017388,0.03226318905361932,0.1321781948194611,0.5195192624425918,-0.005522693541790088,-0.030926654374612315,-0.853881009190591
-0.4791939562660071,0.322459884127605,0.15306581444637174,0.022517906429229687,0.0033964615221194097,0.5195192624425918,-0.005522693541790088,-0.030926654374612315,-0.853881009190591
-0.4826342337866536,0.35837011431006527,0.04482656020043538,0.06572731090862416,0.07529684572348741,0.5195192624425918,-0.005522693541790088,-0.030926654374612315,-0.853881009190591
-0.5771547787756699,0.3973822136451216,0.1022763265116619,0.11356473535577258,0.1721286171544911,0.5195192624425918,-0.005522693541790088,-0.030926654374612315,-0.853881009190591
-0.5102317740120904,0.31951157219310955,0.1393102474919407,0.015332093160209686,0.31134711426751566,0.5195192624425918,-0.005522693541790088,-0.030926654374612315,-0.853881009190591
-0.4958325676169736,0.33018086929616564,0.1505787053983325,0.10503431986951943,0.223638959232702,0.5195192624425918,-0.005522693541790088,-0.030926654374612315,-0.853881009190591
-0.5472135789718748,0.32530554981192894,0.18876198467826988,0.14470989184685928,0.16671431001887904,0.5195192624425918,-0.005522693541790088,-0.030926654374612315,-0.853881009190591
-0.5709533107386414,0.33525006611173874,0.182566950109417,0.10093058791380871,0.005883290546112719,0.5195192624425918,-0.005522693541790088,-0.030926654374612315,-0.853881009190591
-0.5730794824778216,0.22621253430920513,0.132593504633439,0.01171082547652128,0.2512629950174645,0.5195192624425918,-0.005522693541790088,-0.030926654374612315,-0.853881009190591
-0.4581210848704126,0.32582757384213706,0.14316084038869026,0.07816798490834019,0.02757356272447802,0.5195192624425918,-0.005522693541790088,-0.030926654374612315,-0.853881009190591
-0.5379535150242205,0.4201437730242618,0.13786239284606433,0.11456007373897464,0.14112828466914157,0.5195192624425918,-0.005522693541790088,-0.030926654374612315,-0.853881009190591
-0.3880795279155401,0.3813885843019542,0.19409586476978558,0.10736213964090255,0.10378400903531078,0.5195192624425918,-0.005522693541790088,-0.030926654374612315,-0.853881009190591
-0.5686024307950921,0.2853734424961901,0.12454385210915447,0.036260310688954585,0.15838998205673263,0.5195192624425918,-0.005522693541790088,-0.030926654374612315,-0.853881009190591
-0.47240907316620845,0.2932500274255807,0.10018730782934276,0.024199170796766804,0.3108772897275972,0.5195192624425918,-0.005522693541790088,-0.030926654374612315,-0.853881009190591
-0.47048156133091623,0.3959355652969653,0.2623561552390602,0.0973325979712845,0.3400123443242846,0.5195192624425918,-0.005522693541790088,-0.030926654374612315,-0.853881009190591
-0.4269710763544864,0.30754238392726563,0.1268044834840883,0.06953187452295333,0.2285504894218883,0.5195192624425918,-0.005522693541790088,-0.030926654374612315,-0.853881009190591
-0.5630361592482461,0.39200051108748984,0.272455911575701,0.0031159863009085852,0.21615026568133777,0.5195192624425918,-0.005522693541790088,-0.030926654374612315,-0.853881009190591
-0.5352994068367525,0.2704896933365243,0.14262060456221923,0.07723729288468652,0.06482438334969252,0.5195192624425918,-0.005522693541790088,-0.030926654374612315,-0.853881009190591
-0.5040927558010302,0.3272058091763599,0.09804346394217692,0.13438364543356224,0.164371996582438,0.5195192624425918,-0.005522693541790088,-0.030926654374612315,-0.853881009190591
-0.5254910664856781,0.3612287504812707,0.25000221518998117,0.036235291507195205,0.3825308746744922,0.5195192624425918,-0.005522693541790088,-0.030926654374612315,-0.853881009190591
-0.37315785211893815,0.295845867717075,0.12478102791964989,0.1297009557068829,0.11755882500766641,0.5195192624425918,-0.005522693541790088,-0.030926654374612315,-0.853881009190591
-0.4856335319376043,0.3950122485384394,0.25269413075197356,0.05061348174219269,0.030244386870710783,0.5195192624425918,-0.005522693541790088,-0.030926654374612315,-0.853881009190591
-0.5860646847941737,0.35997169806743623,0.2054420979975622,0.010994691539724733,0.009662021552766476,0.5195192624425918,-0.005522693541790088,-0.030926654374612315,-0.853881009190591
-0.552977078376343,0.34656162087428666,0.12306742714510288,0.14735438377341284,0.36896120706453517,0.5195192624425918,-0.005522693541790088,-0.030926654374612315,-0.853881009190591
-0.5186362766933587,0.3425956982416793,0.14009190332738347,0.05200999711738314,0.0393753366466481,0.5195192624425918,-0.005522693541790088,-0.030926654374612315,-0.853881009190591
-0.4875393227654038,0.37501720194473925,0.23137751836371984,0.10269647544147024,0.32147355152373447,0.5195192624425918,-0.005522693541790088,-0.030926654374612315,-0.853881009190591
-0.49519232491680404,0.4155910079061972,0.14071174276676512,0.14847236313097373,0.2949894850691854,0.5195192624425918,-0.005522693541790088,-0.030926654374612315,-0.853881009190591
-0.5822026520178599,0.38491262722310193,0.06731082875432123,0.04595641815123226,0.33578784276230156,0.5195192624425918,-0.005522693541790088,-0.030926654374612315,-0.853881009190591
-0.46714362481509186,0.3917642657819151,0.15554359134353835,0.13439436152663373,0.234657265655202,0.5195192624425918,-0.005522693541790088,-0.030926654374612315,-0.853881009190591
-0.46995840107510606,0.3800009749997251,0.20790392402869526,0.004463774534286402,0.10125931240138951,0.5195192624425918,-0.005522693541790088,-0.030926654374612315,-0.853881009190591
-0.48967803495169104,0.38792094029573604,0.1679024730768848,0.08996621477373716,0.1332040778097955,0.5195192624425918,-0.005522693541790088,-0.030926654374612315,-0.853881009190591
-0.4808825145271502,0.3010768568248241,0.28379126485211265,0.12820887884098023,0.2981908131609437,0.5195192624425918,-0.005522693541790088,-0.030926654374612315,-0.853881009190591
-0.4395064265814618,0.39535285876658416,0.2181905399135358,0.05406261529380106,0.10219778959940605,0.5195192624425918,-0.005522693541790088,-0.030926654374612315,-0.853881009190591
-0.5615120555713127,0.31280048985010755,0.22693701893550283,0.11715767479996014,0.032700090917263315,0.5195192624425918,-0.005522693541790088,-0.030926654374612315,-0.853881009190591
-0.527240577311791,0.3686689731840036,0.16342319919271361,0.008746012592236578,0.21176839418875137,0.5195192624425918,-0.005522693541790088,-0.030926654374612315,-0.853881009190591
-0.42327202965251937,0.4143245129505346,0.2193774518487378,0.06775147209678072,0.05856274829048176,0.5195192624425918,-0.005522693541790088,-0.030926654374612315,-0.853881009190591
-0.4581545708501948,0.1982484247734083,0.07363835621092599,0.041285104539492176,0.37904744902151855,0.5195192624425918,-0.005522693541790088,-0.030926654374612315,-0.853881009190591
-0.5424495390782468,0.37097462248311686,0.19071650203154716,0.032125889247781717,0.34847521869554715,0.5195192624425918,-0.005522693541790088,-0.030926654374612315,-0.853881009190591
-0.40305209853902074,0.34722910124884904,0.193201866937536,0.02978449166807493,0.23829367361612333,0.5195192624425918,-0.005522693541790088,-0.030926654374612315,-0.853881009190591
-0.5049601268832229,0.2834669818835431,0.08383927852080704,0.047428500551822315,0.3766635982980501,0.5195192624425918,-0.005522693541790088,-0.030926654374612315,-0.853881009190591
-0.5451278726751986,0.42622055198199893,0.23063689571625084,0.011395087480285776,0.06640251602890333,0.5195192624425918,-0.005522693541790088,-0.030926654374612315,-0.853881009190591
-0.5031685634824515,0.31095326711464844,0.1394028076282281,0.06813479057236448,0.3495261098590581,0.5195192624425918,-0.005522693541790088,-0.030926654374612315,-0.853881009190591
-0.4914581006744181,0.33444660416775923,0.19433431977570398,0.09802905563801335,0.27175776335253954,0.5195192624425918,-0.005522693541790088,-0.030926654374612315,-0.853881009190591
-0.4331590646402603,0.3854094308173816,0.17527521981870367,0.021346366834150976,0.1298182391767842,0.5195192624425918,-0.005522693541790088,-0.030926654374612315,-0.853881009190591
-0.5176868791572689,0.2954075644461688,0.1839037300335421,0.0042465484908841495,0.14752843503254218,0.5195192624425918,-0.005522693541790088,-0.030926654374612315,-0.853881009190591
-0.5555638915282317,0.2936492854152392,0.19935520346663782,0.13631694417668344,0.0014876169832807485,0.5195192624425918,-0.005522693541790088,-0.030926654374612315,-0.853881009190591
-0.5043905220032188,0.37740135394433694,0.21253590777578,0.1336037592431909,0.2686826985615406,0.5195192624425918,-0.005522693541790088,-0.030926654374612315,-0.853881009190591
-0.4695294327557627,0.3213447486594745,0.2124346880463437,0.07862138382405413,0.050966933589335954,0.5195192624425918,-0.005522693541790088,-0.030926654374612315,-0.853881009190591
-0.35767801999166754,0.31482101668615226,0.16548208701256667,0.13445400301757326,0.18453022376327266,0.5195192624425918,-0.005522693541790088,-0.030926654374612315,-0.853881009190591
-0.4980683051417665,0.4333411285648663,0.1437978041778173,0.11993772374837927,0.2607007896851722,0.5195192624425918,-0.005522693541790088,-0.030926654374612315,-0.853881009190591
-0.6205168149350327,0.2931637114094471,0.18753603388823686,0.008077877094925094,0.28915228615494165,0.5195192624425918,-0.005522693541790088,-0.030926654374612315,-0.853881009190591
-0.573215089117078,0.43238248450438294,0.2958244432875074,0.1434002802618272,0.043865232600162556,0.5195192624425918,-0.005522693541790088,-0.030926654374612315,-0.853881009190591
-0.5498909304291225,0.42669170252881067,0.1387747104314866,0.04605120844978081,0.015305842452122898,0.5195192624425918,-0.005522693541790088,-0.030926654374612315,-0.853881009190591
-0.33344202831299885,0.4274963433337149,0.14511629163240947,0.07643727053375861,0.32038404217101135,0.5195192624425918,-0.005522693541790088,-0.030926654374612315,-0.853881009190591
-0.4963107120118662,0.32178062669831964,0.28056191221713744,0.004047327351391144,0.2927510639016372,0.5195192624425918,-0.005522693541790088,-0.030926654374612315,-0.853881009190591
-0.5046804869556283,0.397000383364789,0.14653236043738926,0.09486688618099881,0.24852941394428416,0.5195192624425918,-0.005522693541790088,-0.030926654374612315,-0.853881009190591
-0.5413114276331911,0.39232452616360647,0.15919804575623087,0.10125890254760389,0.20182507549536327,0.5195192624425918,-0.005522693541790088,-0.030926654374612315,-0.853881009190591
-0.576799852753502,0.31443372248311247,0.1506915314579356,0.07246135725092985,0.16345577538989087,0.5195192624425918,-0.005522693541790088,-0.030926654374612315,-0.853881009190591
-0.520671540603489,0.4475260294642452,0.23096034596558873,0.0536279824707558,0.08997358317291577,0.5195192624425918,-0.005522693541790088,-0.030926654374612315,-0.853881009190591
-0.4917460432893127,0.36808202196642575,0.21845649560460093,0.022788366130846848,0.00037661638493280414,0.5195192624425918,-0.005522693541790088,-0.030926654374612315,-0.853881009190591
-0.5573436614838251,0.28702555753245673,0.20179562055930705,0.0324730441783675,0.1030913941634339,0.5195192624425918,-0.005522693541790088,-0.030926654374612315,-0.853881009190591
-0.47962745204524093,0.45369058458559436,0.18973494329513726,0.043036239977986626,0.26906354026750273,0.5195192624425918,-0.005522693541790088,-0.030926654374612315,-0.853881009190591
-0.5580460413081058,0.30815117671803016,0.16660559731492217,0.06250808383309953,0.09762209906515969,0.5195192624425918,-0.005522693541790088,-0.030926654374612315,-0.853881009190591
-0.46298975358166583,0.31432398762997404,0.18545961780656317,0.14944917161472102,0.16299648773007414,0.5195192624425918,-0.005522693541790088,-0.030926654374612315,-0.853881009190591
-0.6318773347462551,0.33813232605530363,0.21677924353668498,0.06993862056337234,0.32894955497342826,0.5195192624425918,-0.005522693541790088,-0.030926654374612315,-0.853881009190591
-0.43584387014834386,0.24556202925304194,0.16741995846565133,0.1446577497586389,0.29190913759814413,0.5195192624425918,-0.005522693541790088,-0.030926654374612315,-0.853881009190591
-0.5856198766046194,0.3579882081319693,0.17033309899227655,0.03582372666051,0.2284559582286596,0.5195192624425918,-0.005522693541790088,-0.030926654374612315,-0.853881009190591
-0.5656058614895098,0.23751300241672071,0.20548320942585463,0.07298747635336959,0.1417249627879746,0.5195192624425918,-0.005522693541790088,-0.030926654374612315,-0.853881009190591
-0.6012296955333792,0.3375687548400221,0.206312209278148,0.08094620094390587,0.02708848048007382,0.5195192624425918,-0.005522693541790088,-0.030926654374612315,-0.853881009190591
-0.5016144803841122,0.35942951869280504,0.18477314760379399,0.09906083944279899,0.08316325359314135,0.5195192624425918,-0.005522693541790088,-0.030926654374612315,-0.853881009190591
-0.43694170260135934,0.33278902918223985,0.17950199714530626,0.1080632646706254,0.24727812174170394,0.5195192624425918,-0.005522693541790088,-0.030926654374612315,-0.853881009190591
-0.47079351706396033,0.3494853611233516,0.11245774479639137,0.017728669813489754,0.0645236024268844,0.5195192624425918,-0.005522693541790088,-0.030926654374612315,-0.853881009190591
-0.43378524958581344,0.31784897440948073,0.15427938624851895,0.11997829822976477,0.2954689938140568,0.5195192624425918,-0.005522693541790088,-0.030926654374612315,-0.853881009190591
-0.5099260475384771,0.38311405392504816,0.1937391005521444,0.0942022945731489,0.12471950305086228,0.5195192624425918,-0.005522693541790088,-0.030926654374612315,-0.853881009190591
-0.6302635358140811,0.3310440344950542,0.13790442175463008,0.09564600970310999,0.38084470698165246,0.5195192624425918,-0.005522693541790088,-0.030926654374612315,-0.853881009190591
-0.4981012289452547,0.33659510177256613,0.13323259759506634,0.006450327159881658,0.27429642606790505,0.5195192624425918,-0.005522693541790088,-0.030926654374612315,-0.853881009190591
-0.5263105756247356,0.4317528086826923,0.16553545348259205,0.036173665409087445,0.12385405342080742,0.5195192624425918,-0.005522693541790088,-0.030926654374612315,-0.853881009190591
-0.49633871348809216,0.3410923889005302,0.22726903429458958,0.016365665212451735,0.08817293509032652,0.5195192624425918,-0.005522693541790088,-0.030926654374612315,-0.853881009190591
-0.3837311934503096,0.32842768692982116,0.2180414078786214,0.0803422856184192,0.163942625655062,0.5195192624425918,-0.005522693541790088,-0.030926654374612315,-0.853881009190591
-0.6025462069045678,0.37643250319996047,0.14555629268504378,0.08152685574853306,0.27251812687008076,0.5195192624425918,-0.005522693541790088,-0.030926654374612315,-0.853881009190591
-0.4925742973976804,0.3541504250041284,0.12902847335114742,0.08449628968858659,0.2720986058257619,0.5195192624425918,-0.005522693541790088,-0.030926654374612315,-0.853881009190591
-0.5423618006948034,0.2914289072008517,0.17989232413093043,0.1444189154228923,0.21995465126855387,0.5195192624425918,-0.005522693541790088,-0.030926654374612315,-0.853881009190591
-0.4926560786481029,0.2751008757927418,0.14055025434173402,0.08105203274654603,0.02259142634135789,0.5195192624425918,-0.005522693541790088,-0.030926654374612315,-0.853881009190591
-0.5810381067121455,0.2380729010737549,0.22006624787068207,0.1315024315892851,0.3240812896530206,0.5195192624425918,-0.005522693541790088,-0.030926654374612315,-0.853881009190591
-0.5212746145412285,0.31546603076179486,0.1763601206651728,0.00840561836313084,0.12041370347574065,0.5195192624425918,-0.005522693541790088,-0.030926654374612315,-0.853881009190591
-0.5592778539614287,0.3208323070637004,0.17383619054259355,0.10954371063802895,0.259226017103541,0.5195192624425918,-0.005522693541790088,-0.030926654374612315,-0.853881009190591
-0.5729793537295796,0.3848397605364998,0.2841898910903949,0.1412565825216111,0.2260579223073434,0.5195192624425918,-0.005522693541790088,-0.030926654374612315,-0.853881009190591
-0.4828505433476611,0.4467668677479885,0.16807405082239918,0.10956738772785955,0.14347120100531593,0.5195192624425918,-0.005522693541790088,-0.030926654374612315,-0.853881009190591
-0.5107454274301221,0.3143535062879483,0.16988314786445363,0.06507286173917595,0.19823653034623967,0.5195192624425918,-0.005522693541790088,-0.030926654374612315,-0.853881009190591
-0.5412819350475627,0.30426401184680313,0.1720331241381618,0.10062295915459578,0.1613096970674609,0.5195192624425918,-0.005522693541790088,-0.030926654374612315,-0.853881009190591
-0.29647072479701314,-0.3173303676917764,-0.48153224165846814,0.08984807950942851,0.16169349458137094,0.5195192624425918,-0.005522693541790088,-0.030926654374612315,-0.853881009190591
-0.17785737266639928,-0.4721178821715989,-0.4112038941270163,0.1231587796640233,0.3321989680322204,0.5195192624425918,-0.005522693541790088,-0.030926654374612315,-0.853881009190591
-0.11591579230417323,-0.4697860223650363,-0.47277378712615903,0.144940216098504,0.30356118970859497,0.5195192624425918,-0.005522693541790088,-0.030926654374612315,-0.853881009190591
-0.22363739840342373,-0.36937655916912016,-0.49762460667673125,0.07240562348271945,0.05891473393924778,0.5195192624425918,-0.005522693541790088,-0.030926654374612315,-0.853881009190591
-0.17191091183662316,-0.31450270894143895,-0.5966483712870176,0.0010386174649419987,0.028348218948685933,0.5195192624425918,-0.005522693541790088,-0.030926654374612315,-0.853881009190591
-0.22681997471961954,-0.4510959884359849,-0.4428141576615098,0.12935692585219702,0.180914053818397,0.5195192624425918,-0.005522693541790088,-0.030926654374612315,-0.853881009190591
-0.2382702863605363,-0.36867927338663703,-0.38130632107958284,0.11563145660963736,0.374055205477112,0.5195192624425918,-0.005522693541790088,-0.030926654374612315,-0.853881009190591
-0.3127229915222969,-0.42443129347250697,-0.564517841574689,0.01171511202628977,0.24153835523504014,0.5195192624425918,-0.005522693541790088,-0.030926654374612315,-0.853881009190591
-0.27335677990386925,-0.36702786894693473,-0.4405137259573001,0.0692146413693371,0.3528849850868999,0.5195192624425918,-0.005522693541790088,-0.030926654374612315,-0.853881009190591
-0.3173344773195247,-0.41513286521158477,-0.40346947005623324,0.11934702844480669,0.35621242981849965,0.5195192624425918,-0.005522693541790088,-0.030926654374612315,-0.853881009190591
-0.3132910431755169,-0.455847667756802,-0.344250669523092,0.09168230998087092,0.0438478477616155,0.5195192624425918,-0.005522693541790088,-0.030926654374612315,-0.853881009190591
-0.11085626206279242,-0.6302187872775797,-0.43526036029130355,0.13000743317470997,0.15368134232009997,0.5195192624425918,-0.005522693541790088,-0.030926654374612315,-0.853881009190591
-0.3961138590996,-0.5057483425521114,-0.3668405914751218,0.09656651765331069,0.1950106937897693,0.5195192624425918,-0.005522693541790088,-0.030926654374612315,-0.853881009190591
-0.1724762711738565,-0.4651193779759724,-0.4605837459921753,0.004357797085118125,0.19932086502087715,0.5195192624425918,-0.005522693541790088,-0.030926654374612315,-0.853881009190591
-0.21238190125555373,-0.40417417116063337,-0.34004048342032245,0.0683821797712654,0.1423165780401198,0.5195192624425918,-0.005522693541790088,-0.030926654374612315,-0.853881009190591
-0.39133213050509663,-0.5068550277017638,-0.4174973773105431,0.03901850588627414,0.32998788607091983,0.5195192624425918,-0.005522693541790088,-0.030926654374612315,-0.853881009190591
-0.4594402868567237,-0.5907104856902419,-0.4002710854956186,0.09940535642537066,0.2779284207625369,0.5195192624425918,-0.005522693541790088,-0.030926654374612315,-0.853881009190591
-0.26201178488198557,-0.31556254675730044,-0.35491328741915484,0.05180323802307161,0.010003246796617838,0.5195192624425918,-0.005522693541790088,-0.030926654374612315,-0.853881009190591
-0.2760399288953704,-0.22179897207057275,-0.3391957842543841,0.1455831672611515,0.29425985378648606,0.5195192624425918,-0.005522693541790088,-0.030926654374612315,-0.853881009190591
-0.2356717541268471,-0.42004156030613954,-0.338033690469868,0.06208411383994132,0.13839503002549455,0.5195192624425918,-0.005522693541790088,-0.030926654374612315,-0.853881009190591
-0.2936369562959832,-0.4686882641350469,-0.41239672843712416,0.1195941376034085,0.35493986754219004,0.5195192624425918,-0.005522693541790088,-0.030926654374612315,-0.853881009190591
-0.1735386852108088,-0.4957552400550559,-0.5868414294924741,0.04596194251105126,0.11304075477165393,0.5195192624425918,-0.005522693541790088,-0.030926654374612315,-0.853881009190591
-0.3572019631402113,-0.48133723416021834,-0.2892417707277263,0.07601168325789809,0.29566413340255315,0.5195192624425918,-0.005522693541790088,-0.030926654374612315,-0.853881009190591
-0.3996841797380689,-0.4121357937147901,-0.3005288092876698,0.027170354226770336,0.19790176697760453,0.5195192624425918,-0.005522693541790088,-0.030926654374612315,-0.853881009190591
-0.17715778588286388,-0.39425838076383773,-0.3272460800991057,0.07488514432369922,0.2508684957092006,0.5195192624425918,-0.005522693541790088,-0.030926654374612315,-0.853881009190591
-0.3304800593920917,-0.581816551918066,-0.3380572440772854,0.0950412558299252,0.2585918640041958,0.5195192624425918,-0.005522693541790088,-0.030926654374612315,-0.853881009190591
-0.2178091330777335,-0.34106631130969645,-0.37477423928486636,0.03082721485146813,0.332264272417601,0.5195192624425918,-0.005522693541790088,-0.030926654374612315,-0.853881009190591
-0.31170337584481017,-0.6011782739038438,-0.3646942879215617,0.11445082161225234,0.1806642752160976,0.5195192624425918,-0.005522693541790088,-0.030926654374612315,-0.853881009190591
-0.2760082518150925,-0.32362669797446797,-0.4098505466587138,0.09807811165831146,0.09465260612889242,0.5195192624425918,-0.005522693541790088,-0.030926654374612315,-0.853881009190591
-0.1589021241791629,-0.4652413962260662,-0.2943235106569515,0.12566150346047258,0.23687398033774612,0.5195192624425918,-0.005522693541790088,-0.030926654374612315,-0.853881009190591
-0.16493419013531196,-0.5228325672003024,-0.44657749165119187,0.07260082686697035,0.016042765689801498,0.5195192624425918,-0.005522693541790088,-0.030926654374612315,-0.853881009190591
-0.07704789177868157,-0.348453227288709,-0.32411334510265166,0.06748471507699685,0.19922015537792515,0.5195192624425918,-0.005522693541790088,-0.030926654374612315,-0.853881009190591
-0.2779960646817907,-0.5133302486332519,-0.47960374925652427,0.05412453201492829,0.301578543595839,0.5195192624425918,-0.005522693541790088,-0.030926654374612315,-0.853881009190591
-0.2410283145983616,-0.3391372092783202,-0.5398192273865512,0.06378262146483782,0.3203765129507315,0.5195192624425918,-0.005522693541790088,-0.030926654374612315,-0.853881009190591
-0.15042074708969957,-0.419005442822765,-0.27674657324546514,0.13907540244286426,0.04584581276870279,0.5195192624425918,-0.005522693541790088,-0.030926654374612315,-0.853881009190591
-0.15237060535031371,-0.5842687184978904,-0.3078242046055883,0.13683886481905325,0.35359699014570234,0.5195192624425918,-0.005522693541790088,-0.030926654374612315,-0.853881009190591
-0.2833247601413594,-0.2686439079069888,-0.46104199335047513,0.042018639198605164,0.15841107882708605,0.5195192624425918,-0.005522693541790088,-0.030926654374612315,-0.853881009190591
-0.3373950107963527,-0.3324771612058372,-0.5502708998061877,0.08955314623492698,0.27634035425673636,0.5195192624425918,-0.005522693541790088,-0.030926654374612315,-0.853881009190591
-0.32574540234901506,-0.2952207835908025,-0.3696806851176013,0.1028288948808533,0.09210693351856158,0.5195192624425918,-0.005522693541790088,-0.030926654374612315,-0.853881009190591
-0.35299837180530674,-0.3810654450561271,-0.3959382675536797,0.029792190546065838,0.17687413748172906,0.5195192624425918,-0.005522693541790088,-0.030926654374612315,-0.853881009190591
-0.1943744948136843,-0.3643295028074526,-0.28617073217704925,0.03297646845546388,0.38176880447902795,0.5195192624425918,-0.005522693541790088,-0.030926654374612315,-0.853881009190591
-0.3302013654986429,-0.3751784280718312,-0.3524220140874633,0.0034438651246664954,0.11082355890462248,0.5195192624425918,-0.005522693541790088,-0.030926654374612315,-0.853881009190591
-0.18664110254074795,-0.4391729649755365,-0.3313712601914832,0.10041371960125903,0.21366744452570474,0.5195192624425918,-0.005522693541790088,-0.030926654374612315,-0.853881009190591
-0.34320776393102315,-0.49833573875101056,-0.45531244870126514,0.026993802925629213,0.3267172784941919,0.5195192624425918,-0.005522693541790088,-0.030926654374612315,-0.853881009190591
-0.36807211241067844,-0.6488384157965195,-0.4257391137192141,0.060292753256977256,0.03452958399995221,0.5195192624425918,-0.005522693541790088,-0.030926654374612315,-0.853881009190591
-0.09800948157399164,-0.24321449014844257,-0.2750356151033066,0.08976839312948766,0.14043905269767265,0.5195192624425918,-0.005522693541790088,-0.030926654374612315,-0.853881009190591
-0.23539253930555246,-0.5179536196667133,-0.23021336929379124,0.07663504770395348,0.09206419839129243,0.5195192624425918,-0.005522693541790088,-0.030926654374612315,-0.853881009190591
-0.34497819239196076,-0.42809327597136826,-0.36741969186571327,0.09532492649773622,0.0849365135815166,0.5195192624425918,-0.005522693541790088,-0.030926654374612315,-0.853881009190591
-0.30991209675088627,-0.38959040627837377,-0.2962137728681379,0.09666780756036276,0.18189387398359563,0.5195192624425918,-0.005522693541790088,-0.030926654374612315,-0.853881009190591
-0.4300129636784785,-0.47871025716591725,-0.432545966735827,0.09132830791695329,0.3666019512740584,0.5195192624425918,-0.005522693541790088,-0.030926654374612315,-0.853881009190591
-0.26686490939892094,-0.549043634391262,-0.3894297265939244,0.025454444418796518,0.39327442145656855,0.5195192624425918,-0.005522693541790088,-0.030926654374612315,-0.853881009190591
-0.3636866901747831,-0.5676292895754333,-0.44751671334921617,0.1285497645701211,0.23811120550817166,0.5195192624425918,-0.005522693541790088,-0.030926654374612315,-0.853881009190591
-0.4662072018766133,-0.44213447881920215,-0.3786311106874066,0.14521823296889325,0.1005612708973343,0.5195192624425918,-0.005522693541790088,-0.030926654374612315,-0.853881009190591
-0.36373705672388074,-0.43123293307019944,-0.4594286610544261,0.11945545463050536,0.1909262701623976,0.5195192624425918,-0.005522693541790088,-0.030926654374612315,-0.853881009190591
-0.15676803304415318,-0.32092885587448616,-0.3660004169538318,0.14289105253313936,0.2844845031230984,0.5195192624425918,-0.005522693541790088,-0.030926654374612315,-0.853881009190591
-0.31646380509023964,-0.44061604777031654,-0.31877471546945163,0.08793489466303701,0.1618664570066053,0.5195192624425918,-0.005522693541790088,-0.030926654374612315,-0.853881009190591
-0.26457645691145126,-0.45279019305633134,-0.2598317918268557,0.037590741251814386,0.37199807007063224,0.5195192624425918,-0.005522693541790088,-0.030926654374612315,-0.853881009190591
-0.38022214924042375,-0.3381467912015924,-0.4586176104069978,0.012364053829508797,0.3767868269067805,0.5195192624425918,-0.005522693541790088,-0.030926654374612315,-0.853881009190591
-0.2813176925931986,-0.35929299464948455,-0.3608864254154255,0.1159091170987745,0.28344978535400545,0.5195192624425918,-0.005522693541790088,-0.030926654374612315,-0.853881009190591
-0.3252343466910465,-0.5814608705227104,-0.28530729332515403,0.06771898669104211,0.29690325872961254,0.5195192624425918,-0.005522693541790088,-0.030926654374612315,-0.853881009190591
-0.20355606911828375,-0.453256141462428,-0.35719311587601527,0.09598971401588337,0.031209131823513037,0.5195192624425918,-0.005522693541790088,-0.030926654374612315,-0.853881009190591
-0.20733540862100042,-0.6306681726958181,-0.41453605687671635,0.14958521349520018,0.23731021421334253,0.5195192624425918,-0.005522693541790088,-0.030926654374612315,-0.853881009190591
-0.14723826124308914,-0.3867334423488173,-0.41302444369563446,0.0365376165866974,0.020207661511207054,0.5195192624425918,-0.005522693541790088,-0.030926654374612315,-0.853881009190591
-0.30849889973353,-0.5656599096312752,-0.33991305641469766,0.08988280974030699,0.22639179998005501,0.5195192624425918,-0.005522693541790088,-0.030926654374612315,-0.853881009190591
-0.19584122858250338,-0.4547786873129226,-0.3489829913323336,0.05766994001827713,0.17089615361683977,0.5195192624425918,-0.005522693541790088,-0.030926654374612315,-0.853881009190591
-0.39579780061466313,-0.5795222053139744,-0.2239953322006707,0.12107311271571776,0.1299423909607532,0.5195192624425918,-0.005522693541790088,-0.030926654374612315,-0.853881009190591
-0.30283307165770745,-0.5178767066824765,-0.3443600353264214,0.06862080709744714,0.2770069960637687,0.5195192624425918,-0.005522693541790088,-0.030926654374612315,-0.853881009190591
-0.3540850649908095,-0.35817096500307194,-0.34191842283158747,0.07052776452742317,0.12028904315194562,0.5195192624425918,-0.005522693541790088,-0.030926654374612315,-0.853881009190591
-0.1929832275027944,-0.5162427502884533,-0.37539139587180564,0.0957418571004294,0.021432867458061368,0.5195192624425918,-0.005522693541790088,-0.030926654374612315,-0.853881009190591
-0.18246469611726895,-0.43403668330414635,-0.5025727112798147,0.004549930755530241,0.006138250932832579,0.5195192624425918,-0.005522693541790088,-0.030926654374612315,-0.853881009190591
-0.28862634812833476,-0.4685839349725567,-0.30794474716095244,0.018376324948205174,0.31842229835683256,0.5195192624425918,-0.005522693541790088,-0.030926654374612315,-0.853881009190591
-0.2862750382666963,-0.4821049600766451,-0.4320701977953408,0.02723135996655047,0.07247400803949126,0.5195192624425918,-0.005522693541790088,-0.030926654374612315,-0.853881009190591
-0.2913699845317374,-0.5024904157760979,-0.3350575872022936,0.087588678813067,0.22956030557221696,0.5195192624425918,-0.005522693541790088,-0.030926654374612315,-0.853881009190591
-0.2091187027435744,-0.34516374618658646,-0.4569907892776795,0.09810799581392986,0.35276519583619775,0.5195192624425918,-0.005522693541790088,-0.030926654374612315,-0.853881009190591
